,org_file,model_file,use_cols,index_cols,fmt,sep,head_rows,upper_bound,lower_bound,mlt_file,fac_file,pp_file,zero_based
0,org\k_qbo1.txt,k_qbo1.txt,,,free,,0,0.0001,1e-10,mult\hk_glayer_0_inst0_pilotpoint.csv,hk_glayer_0_inst0pp.fac,hk_glayer_0_inst0pp.dat,False
1,org\k_qbo2.txt,k_qbo2.txt,,,free,,0,0.0001,1e-10,mult\hk_glayer_1_inst0_pilotpoint.csv,hk_glayer_0_inst0pp.fac,hk_glayer_1_inst0pp.dat,False
2,org\k_qd_qbg.txt,k_qd_qbg.txt,,,free,,0,0.0001,1e-10,mult\hk_glayer_2_inst0_pilotpoint.csv,hk_glayer_0_inst0pp.fac,hk_glayer_2_inst0pp.dat,False
3,org\k_roc.txt,k_roc.txt,,,free,,0,0.0001,1e-10,mult\hk_glayer_3_inst0_pilotpoint.csv,hk_glayer_0_inst0pp.fac,hk_glayer_3_inst0pp.dat,False
4,org\kv_qbo1.txt,kv_qbo1.txt,,,free,,0,100,0.01,mult\vk_glayer_0_inst0_pilotpoint.csv,hk_glayer_0_inst0pp.fac,vk_glayer_0_inst0pp.dat,False
5,org\kv_qbo2.txt,kv_qbo2.txt,,,free,,0,100,0.01,mult\vk_glayer_1_inst0_pilotpoint.csv,hk_glayer_0_inst0pp.fac,vk_glayer_1_inst0pp.dat,False
6,org\kv_qd_qbg.txt,kv_qd_qbg.txt,,,free,,0,100,0.01,mult\vk_glayer_2_inst0_pilotpoint.csv,hk_glayer_0_inst0pp.fac,vk_glayer_2_inst0pp.dat,False
7,org\kv_roc.txt,kv_roc.txt,,,free,,0,100,0.01,mult\vk_glayer_3_inst0_pilotpoint.csv,hk_glayer_0_inst0pp.fac,vk_glayer_3_inst0pp.dat,False
8,org\ss_qbo1.txt,ss_qbo1.txt,,,free,,0,0.01,1e-06,mult\ss_glayer_0_inst0_pilotpoint.csv,hk_glayer_0_inst0pp.fac,ss_glayer_0_inst0pp.dat,False
9,org\ss_qbo2.txt,ss_qbo2.txt,,,free,,0,0.01,1e-06,mult\ss_glayer_1_inst0_pilotpoint.csv,hk_glayer_0_inst0pp.fac,ss_glayer_1_inst0pp.dat,False
10,org\ss_qd_qbg.txt,ss_qd_qbg.txt,,,free,,0,0.01,1e-06,mult\ss_glayer_2_inst0_pilotpoint.csv,hk_glayer_0_inst0pp.fac,ss_glayer_2_inst0pp.dat,False
11,org\ss_roc.txt,ss_roc.txt,,,free,,0,0.01,1e-06,mult\ss_glayer_3_inst0_pilotpoint.csv,hk_glayer_0_inst0pp.fac,ss_glayer_3_inst0pp.dat,False
12,org\sy_qbo1.txt,sy_qbo1.txt,,,free,,0,0.5,0.01,mult\sy_glayer_0_inst0_pilotpoint.csv,hk_glayer_0_inst0pp.fac,sy_glayer_0_inst0pp.dat,False
13,org\sy_qbo2.txt,sy_qbo2.txt,,,free,,0,0.5,0.01,mult\sy_glayer_1_inst0_pilotpoint.csv,hk_glayer_0_inst0pp.fac,sy_glayer_1_inst0pp.dat,False
14,org\sy_qd_qbg.txt,sy_qd_qbg.txt,,,free,,0,0.5,0.01,mult\sy_glayer_2_inst0_pilotpoint.csv,hk_glayer_0_inst0pp.fac,sy_glayer_2_inst0pp.dat,False
15,org\sy_roc.txt,sy_roc.txt,,,free,,0,0.5,0.01,mult\sy_glayer_3_inst0_pilotpoint.csv,hk_glayer_0_inst0pp.fac,sy_glayer_3_inst0pp.dat,False
16,org\ghb_0_0.txt,ghb_0_0.txt,[4],"[0, 1, 2]",free, ,0,[100],[0],mult\ghb_glayer_0_inst0_constant.csv,,,False
17,org\ghb_0_1.txt,ghb_0_1.txt,[4],"[0, 1, 2]",free, ,0,[100],[0],mult\ghb_glayer_0_inst0_constant.csv,,,False
18,org\ghb_0_10.txt,ghb_0_10.txt,[4],"[0, 1, 2]",free, ,0,[100],[0],mult\ghb_glayer_0_inst0_constant.csv,,,False
19,org\ghb_0_11.txt,ghb_0_11.txt,[4],"[0, 1, 2]",free, ,0,[100],[0],mult\ghb_glayer_0_inst0_constant.csv,,,False
20,org\ghb_0_12.txt,ghb_0_12.txt,[4],"[0, 1, 2]",free, ,0,[100],[0],mult\ghb_glayer_0_inst0_constant.csv,,,False
21,org\ghb_0_13.txt,ghb_0_13.txt,[4],"[0, 1, 2]",free, ,0,[100],[0],mult\ghb_glayer_0_inst0_constant.csv,,,False
22,org\ghb_0_14.txt,ghb_0_14.txt,[4],"[0, 1, 2]",free, ,0,[100],[0],mult\ghb_glayer_0_inst0_constant.csv,,,False
23,org\ghb_0_15.txt,ghb_0_15.txt,[4],"[0, 1, 2]",free, ,0,[100],[0],mult\ghb_glayer_0_inst0_constant.csv,,,False
24,org\ghb_0_16.txt,ghb_0_16.txt,[4],"[0, 1, 2]",free, ,0,[100],[0],mult\ghb_glayer_0_inst0_constant.csv,,,False
25,org\ghb_0_17.txt,ghb_0_17.txt,[4],"[0, 1, 2]",free, ,0,[100],[0],mult\ghb_glayer_0_inst0_constant.csv,,,False
26,org\ghb_0_18.txt,ghb_0_18.txt,[4],"[0, 1, 2]",free, ,0,[100],[0],mult\ghb_glayer_0_inst0_constant.csv,,,False
27,org\ghb_0_19.txt,ghb_0_19.txt,[4],"[0, 1, 2]",free, ,0,[100],[0],mult\ghb_glayer_0_inst0_constant.csv,,,False
28,org\ghb_0_2.txt,ghb_0_2.txt,[4],"[0, 1, 2]",free, ,0,[100],[0],mult\ghb_glayer_0_inst0_constant.csv,,,False
29,org\ghb_0_20.txt,ghb_0_20.txt,[4],"[0, 1, 2]",free, ,0,[100],[0],mult\ghb_glayer_0_inst0_constant.csv,,,False
30,org\ghb_0_21.txt,ghb_0_21.txt,[4],"[0, 1, 2]",free, ,0,[100],[0],mult\ghb_glayer_0_inst0_constant.csv,,,False
31,org\ghb_0_22.txt,ghb_0_22.txt,[4],"[0, 1, 2]",free, ,0,[100],[0],mult\ghb_glayer_0_inst0_constant.csv,,,False
32,org\ghb_0_23.txt,ghb_0_23.txt,[4],"[0, 1, 2]",free, ,0,[100],[0],mult\ghb_glayer_0_inst0_constant.csv,,,False
33,org\ghb_0_24.txt,ghb_0_24.txt,[4],"[0, 1, 2]",free, ,0,[100],[0],mult\ghb_glayer_0_inst0_constant.csv,,,False
34,org\ghb_0_25.txt,ghb_0_25.txt,[4],"[0, 1, 2]",free, ,0,[100],[0],mult\ghb_glayer_0_inst0_constant.csv,,,False
35,org\ghb_0_26.txt,ghb_0_26.txt,[4],"[0, 1, 2]",free, ,0,[100],[0],mult\ghb_glayer_0_inst0_constant.csv,,,False
36,org\ghb_0_27.txt,ghb_0_27.txt,[4],"[0, 1, 2]",free, ,0,[100],[0],mult\ghb_glayer_0_inst0_constant.csv,,,False
37,org\ghb_0_28.txt,ghb_0_28.txt,[4],"[0, 1, 2]",free, ,0,[100],[0],mult\ghb_glayer_0_inst0_constant.csv,,,False
38,org\ghb_0_29.txt,ghb_0_29.txt,[4],"[0, 1, 2]",free, ,0,[100],[0],mult\ghb_glayer_0_inst0_constant.csv,,,False
39,org\ghb_0_3.txt,ghb_0_3.txt,[4],"[0, 1, 2]",free, ,0,[100],[0],mult\ghb_glayer_0_inst0_constant.csv,,,False
40,org\ghb_0_30.txt,ghb_0_30.txt,[4],"[0, 1, 2]",free, ,0,[100],[0],mult\ghb_glayer_0_inst0_constant.csv,,,False
41,org\ghb_0_31.txt,ghb_0_31.txt,[4],"[0, 1, 2]",free, ,0,[100],[0],mult\ghb_glayer_0_inst0_constant.csv,,,False
42,org\ghb_0_32.txt,ghb_0_32.txt,[4],"[0, 1, 2]",free, ,0,[100],[0],mult\ghb_glayer_0_inst0_constant.csv,,,False
43,org\ghb_0_33.txt,ghb_0_33.txt,[4],"[0, 1, 2]",free, ,0,[100],[0],mult\ghb_glayer_0_inst0_constant.csv,,,False
44,org\ghb_0_34.txt,ghb_0_34.txt,[4],"[0, 1, 2]",free, ,0,[100],[0],mult\ghb_glayer_0_inst0_constant.csv,,,False
45,org\ghb_0_35.txt,ghb_0_35.txt,[4],"[0, 1, 2]",free, ,0,[100],[0],mult\ghb_glayer_0_inst0_constant.csv,,,False
46,org\ghb_0_36.txt,ghb_0_36.txt,[4],"[0, 1, 2]",free, ,0,[100],[0],mult\ghb_glayer_0_inst0_constant.csv,,,False
47,org\ghb_0_37.txt,ghb_0_37.txt,[4],"[0, 1, 2]",free, ,0,[100],[0],mult\ghb_glayer_0_inst0_constant.csv,,,False
48,org\ghb_0_38.txt,ghb_0_38.txt,[4],"[0, 1, 2]",free, ,0,[100],[0],mult\ghb_glayer_0_inst0_constant.csv,,,False
49,org\ghb_0_39.txt,ghb_0_39.txt,[4],"[0, 1, 2]",free, ,0,[100],[0],mult\ghb_glayer_0_inst0_constant.csv,,,False
50,org\ghb_0_4.txt,ghb_0_4.txt,[4],"[0, 1, 2]",free, ,0,[100],[0],mult\ghb_glayer_0_inst0_constant.csv,,,False
51,org\ghb_0_40.txt,ghb_0_40.txt,[4],"[0, 1, 2]",free, ,0,[100],[0],mult\ghb_glayer_0_inst0_constant.csv,,,False
52,org\ghb_0_41.txt,ghb_0_41.txt,[4],"[0, 1, 2]",free, ,0,[100],[0],mult\ghb_glayer_0_inst0_constant.csv,,,False
53,org\ghb_0_42.txt,ghb_0_42.txt,[4],"[0, 1, 2]",free, ,0,[100],[0],mult\ghb_glayer_0_inst0_constant.csv,,,False
54,org\ghb_0_43.txt,ghb_0_43.txt,[4],"[0, 1, 2]",free, ,0,[100],[0],mult\ghb_glayer_0_inst0_constant.csv,,,False
55,org\ghb_0_44.txt,ghb_0_44.txt,[4],"[0, 1, 2]",free, ,0,[100],[0],mult\ghb_glayer_0_inst0_constant.csv,,,False
56,org\ghb_0_45.txt,ghb_0_45.txt,[4],"[0, 1, 2]",free, ,0,[100],[0],mult\ghb_glayer_0_inst0_constant.csv,,,False
57,org\ghb_0_46.txt,ghb_0_46.txt,[4],"[0, 1, 2]",free, ,0,[100],[0],mult\ghb_glayer_0_inst0_constant.csv,,,False
58,org\ghb_0_47.txt,ghb_0_47.txt,[4],"[0, 1, 2]",free, ,0,[100],[0],mult\ghb_glayer_0_inst0_constant.csv,,,False
59,org\ghb_0_48.txt,ghb_0_48.txt,[4],"[0, 1, 2]",free, ,0,[100],[0],mult\ghb_glayer_0_inst0_constant.csv,,,False
60,org\ghb_0_49.txt,ghb_0_49.txt,[4],"[0, 1, 2]",free, ,0,[100],[0],mult\ghb_glayer_0_inst0_constant.csv,,,False
61,org\ghb_0_5.txt,ghb_0_5.txt,[4],"[0, 1, 2]",free, ,0,[100],[0],mult\ghb_glayer_0_inst0_constant.csv,,,False
62,org\ghb_0_50.txt,ghb_0_50.txt,[4],"[0, 1, 2]",free, ,0,[100],[0],mult\ghb_glayer_0_inst0_constant.csv,,,False
63,org\ghb_0_6.txt,ghb_0_6.txt,[4],"[0, 1, 2]",free, ,0,[100],[0],mult\ghb_glayer_0_inst0_constant.csv,,,False
64,org\ghb_0_7.txt,ghb_0_7.txt,[4],"[0, 1, 2]",free, ,0,[100],[0],mult\ghb_glayer_0_inst0_constant.csv,,,False
65,org\ghb_0_8.txt,ghb_0_8.txt,[4],"[0, 1, 2]",free, ,0,[100],[0],mult\ghb_glayer_0_inst0_constant.csv,,,False
66,org\ghb_0_9.txt,ghb_0_9.txt,[4],"[0, 1, 2]",free, ,0,[100],[0],mult\ghb_glayer_0_inst0_constant.csv,,,False
67,org\ghb_1_0.txt,ghb_1_0.txt,[4],"[0, 1, 2]",free, ,0,[100],[0],mult\ghb_glayer_1_inst0_constant.csv,,,False
68,org\ghb_1_1.txt,ghb_1_1.txt,[4],"[0, 1, 2]",free, ,0,[100],[0],mult\ghb_glayer_1_inst0_constant.csv,,,False
69,org\ghb_1_10.txt,ghb_1_10.txt,[4],"[0, 1, 2]",free, ,0,[100],[0],mult\ghb_glayer_1_inst0_constant.csv,,,False
70,org\ghb_1_11.txt,ghb_1_11.txt,[4],"[0, 1, 2]",free, ,0,[100],[0],mult\ghb_glayer_1_inst0_constant.csv,,,False
71,org\ghb_1_12.txt,ghb_1_12.txt,[4],"[0, 1, 2]",free, ,0,[100],[0],mult\ghb_glayer_1_inst0_constant.csv,,,False
72,org\ghb_1_13.txt,ghb_1_13.txt,[4],"[0, 1, 2]",free, ,0,[100],[0],mult\ghb_glayer_1_inst0_constant.csv,,,False
73,org\ghb_1_14.txt,ghb_1_14.txt,[4],"[0, 1, 2]",free, ,0,[100],[0],mult\ghb_glayer_1_inst0_constant.csv,,,False
74,org\ghb_1_15.txt,ghb_1_15.txt,[4],"[0, 1, 2]",free, ,0,[100],[0],mult\ghb_glayer_1_inst0_constant.csv,,,False
75,org\ghb_1_16.txt,ghb_1_16.txt,[4],"[0, 1, 2]",free, ,0,[100],[0],mult\ghb_glayer_1_inst0_constant.csv,,,False
76,org\ghb_1_17.txt,ghb_1_17.txt,[4],"[0, 1, 2]",free, ,0,[100],[0],mult\ghb_glayer_1_inst0_constant.csv,,,False
77,org\ghb_1_18.txt,ghb_1_18.txt,[4],"[0, 1, 2]",free, ,0,[100],[0],mult\ghb_glayer_1_inst0_constant.csv,,,False
78,org\ghb_1_19.txt,ghb_1_19.txt,[4],"[0, 1, 2]",free, ,0,[100],[0],mult\ghb_glayer_1_inst0_constant.csv,,,False
79,org\ghb_1_2.txt,ghb_1_2.txt,[4],"[0, 1, 2]",free, ,0,[100],[0],mult\ghb_glayer_1_inst0_constant.csv,,,False
80,org\ghb_1_20.txt,ghb_1_20.txt,[4],"[0, 1, 2]",free, ,0,[100],[0],mult\ghb_glayer_1_inst0_constant.csv,,,False
81,org\ghb_1_21.txt,ghb_1_21.txt,[4],"[0, 1, 2]",free, ,0,[100],[0],mult\ghb_glayer_1_inst0_constant.csv,,,False
82,org\ghb_1_22.txt,ghb_1_22.txt,[4],"[0, 1, 2]",free, ,0,[100],[0],mult\ghb_glayer_1_inst0_constant.csv,,,False
83,org\ghb_1_23.txt,ghb_1_23.txt,[4],"[0, 1, 2]",free, ,0,[100],[0],mult\ghb_glayer_1_inst0_constant.csv,,,False
84,org\ghb_1_24.txt,ghb_1_24.txt,[4],"[0, 1, 2]",free, ,0,[100],[0],mult\ghb_glayer_1_inst0_constant.csv,,,False
85,org\ghb_1_25.txt,ghb_1_25.txt,[4],"[0, 1, 2]",free, ,0,[100],[0],mult\ghb_glayer_1_inst0_constant.csv,,,False
86,org\ghb_1_26.txt,ghb_1_26.txt,[4],"[0, 1, 2]",free, ,0,[100],[0],mult\ghb_glayer_1_inst0_constant.csv,,,False
87,org\ghb_1_27.txt,ghb_1_27.txt,[4],"[0, 1, 2]",free, ,0,[100],[0],mult\ghb_glayer_1_inst0_constant.csv,,,False
88,org\ghb_1_28.txt,ghb_1_28.txt,[4],"[0, 1, 2]",free, ,0,[100],[0],mult\ghb_glayer_1_inst0_constant.csv,,,False
89,org\ghb_1_29.txt,ghb_1_29.txt,[4],"[0, 1, 2]",free, ,0,[100],[0],mult\ghb_glayer_1_inst0_constant.csv,,,False
90,org\ghb_1_3.txt,ghb_1_3.txt,[4],"[0, 1, 2]",free, ,0,[100],[0],mult\ghb_glayer_1_inst0_constant.csv,,,False
91,org\ghb_1_30.txt,ghb_1_30.txt,[4],"[0, 1, 2]",free, ,0,[100],[0],mult\ghb_glayer_1_inst0_constant.csv,,,False
92,org\ghb_1_31.txt,ghb_1_31.txt,[4],"[0, 1, 2]",free, ,0,[100],[0],mult\ghb_glayer_1_inst0_constant.csv,,,False
93,org\ghb_1_32.txt,ghb_1_32.txt,[4],"[0, 1, 2]",free, ,0,[100],[0],mult\ghb_glayer_1_inst0_constant.csv,,,False
94,org\ghb_1_33.txt,ghb_1_33.txt,[4],"[0, 1, 2]",free, ,0,[100],[0],mult\ghb_glayer_1_inst0_constant.csv,,,False
95,org\ghb_1_34.txt,ghb_1_34.txt,[4],"[0, 1, 2]",free, ,0,[100],[0],mult\ghb_glayer_1_inst0_constant.csv,,,False
96,org\ghb_1_35.txt,ghb_1_35.txt,[4],"[0, 1, 2]",free, ,0,[100],[0],mult\ghb_glayer_1_inst0_constant.csv,,,False
97,org\ghb_1_36.txt,ghb_1_36.txt,[4],"[0, 1, 2]",free, ,0,[100],[0],mult\ghb_glayer_1_inst0_constant.csv,,,False
98,org\ghb_1_37.txt,ghb_1_37.txt,[4],"[0, 1, 2]",free, ,0,[100],[0],mult\ghb_glayer_1_inst0_constant.csv,,,False
99,org\ghb_1_38.txt,ghb_1_38.txt,[4],"[0, 1, 2]",free, ,0,[100],[0],mult\ghb_glayer_1_inst0_constant.csv,,,False
100,org\ghb_1_39.txt,ghb_1_39.txt,[4],"[0, 1, 2]",free, ,0,[100],[0],mult\ghb_glayer_1_inst0_constant.csv,,,False
101,org\ghb_1_4.txt,ghb_1_4.txt,[4],"[0, 1, 2]",free, ,0,[100],[0],mult\ghb_glayer_1_inst0_constant.csv,,,False
102,org\ghb_1_40.txt,ghb_1_40.txt,[4],"[0, 1, 2]",free, ,0,[100],[0],mult\ghb_glayer_1_inst0_constant.csv,,,False
103,org\ghb_1_41.txt,ghb_1_41.txt,[4],"[0, 1, 2]",free, ,0,[100],[0],mult\ghb_glayer_1_inst0_constant.csv,,,False
104,org\ghb_1_42.txt,ghb_1_42.txt,[4],"[0, 1, 2]",free, ,0,[100],[0],mult\ghb_glayer_1_inst0_constant.csv,,,False
105,org\ghb_1_43.txt,ghb_1_43.txt,[4],"[0, 1, 2]",free, ,0,[100],[0],mult\ghb_glayer_1_inst0_constant.csv,,,False
106,org\ghb_1_44.txt,ghb_1_44.txt,[4],"[0, 1, 2]",free, ,0,[100],[0],mult\ghb_glayer_1_inst0_constant.csv,,,False
107,org\ghb_1_45.txt,ghb_1_45.txt,[4],"[0, 1, 2]",free, ,0,[100],[0],mult\ghb_glayer_1_inst0_constant.csv,,,False
108,org\ghb_1_46.txt,ghb_1_46.txt,[4],"[0, 1, 2]",free, ,0,[100],[0],mult\ghb_glayer_1_inst0_constant.csv,,,False
109,org\ghb_1_47.txt,ghb_1_47.txt,[4],"[0, 1, 2]",free, ,0,[100],[0],mult\ghb_glayer_1_inst0_constant.csv,,,False
110,org\ghb_1_48.txt,ghb_1_48.txt,[4],"[0, 1, 2]",free, ,0,[100],[0],mult\ghb_glayer_1_inst0_constant.csv,,,False
111,org\ghb_1_49.txt,ghb_1_49.txt,[4],"[0, 1, 2]",free, ,0,[100],[0],mult\ghb_glayer_1_inst0_constant.csv,,,False
112,org\ghb_1_5.txt,ghb_1_5.txt,[4],"[0, 1, 2]",free, ,0,[100],[0],mult\ghb_glayer_1_inst0_constant.csv,,,False
113,org\ghb_1_50.txt,ghb_1_50.txt,[4],"[0, 1, 2]",free, ,0,[100],[0],mult\ghb_glayer_1_inst0_constant.csv,,,False
114,org\ghb_1_6.txt,ghb_1_6.txt,[4],"[0, 1, 2]",free, ,0,[100],[0],mult\ghb_glayer_1_inst0_constant.csv,,,False
115,org\ghb_1_7.txt,ghb_1_7.txt,[4],"[0, 1, 2]",free, ,0,[100],[0],mult\ghb_glayer_1_inst0_constant.csv,,,False
116,org\ghb_1_8.txt,ghb_1_8.txt,[4],"[0, 1, 2]",free, ,0,[100],[0],mult\ghb_glayer_1_inst0_constant.csv,,,False
117,org\ghb_1_9.txt,ghb_1_9.txt,[4],"[0, 1, 2]",free, ,0,[100],[0],mult\ghb_glayer_1_inst0_constant.csv,,,False
118,org\ghb_2_0.txt,ghb_2_0.txt,[4],"[0, 1, 2]",free, ,0,[100],[0],mult\ghb_glayer_2_inst0_constant.csv,,,False
119,org\ghb_2_1.txt,ghb_2_1.txt,[4],"[0, 1, 2]",free, ,0,[100],[0],mult\ghb_glayer_2_inst0_constant.csv,,,False
120,org\ghb_2_10.txt,ghb_2_10.txt,[4],"[0, 1, 2]",free, ,0,[100],[0],mult\ghb_glayer_2_inst0_constant.csv,,,False
121,org\ghb_2_11.txt,ghb_2_11.txt,[4],"[0, 1, 2]",free, ,0,[100],[0],mult\ghb_glayer_2_inst0_constant.csv,,,False
122,org\ghb_2_12.txt,ghb_2_12.txt,[4],"[0, 1, 2]",free, ,0,[100],[0],mult\ghb_glayer_2_inst0_constant.csv,,,False
123,org\ghb_2_13.txt,ghb_2_13.txt,[4],"[0, 1, 2]",free, ,0,[100],[0],mult\ghb_glayer_2_inst0_constant.csv,,,False
124,org\ghb_2_14.txt,ghb_2_14.txt,[4],"[0, 1, 2]",free, ,0,[100],[0],mult\ghb_glayer_2_inst0_constant.csv,,,False
125,org\ghb_2_15.txt,ghb_2_15.txt,[4],"[0, 1, 2]",free, ,0,[100],[0],mult\ghb_glayer_2_inst0_constant.csv,,,False
126,org\ghb_2_16.txt,ghb_2_16.txt,[4],"[0, 1, 2]",free, ,0,[100],[0],mult\ghb_glayer_2_inst0_constant.csv,,,False
127,org\ghb_2_17.txt,ghb_2_17.txt,[4],"[0, 1, 2]",free, ,0,[100],[0],mult\ghb_glayer_2_inst0_constant.csv,,,False
128,org\ghb_2_18.txt,ghb_2_18.txt,[4],"[0, 1, 2]",free, ,0,[100],[0],mult\ghb_glayer_2_inst0_constant.csv,,,False
129,org\ghb_2_19.txt,ghb_2_19.txt,[4],"[0, 1, 2]",free, ,0,[100],[0],mult\ghb_glayer_2_inst0_constant.csv,,,False
130,org\ghb_2_2.txt,ghb_2_2.txt,[4],"[0, 1, 2]",free, ,0,[100],[0],mult\ghb_glayer_2_inst0_constant.csv,,,False
131,org\ghb_2_20.txt,ghb_2_20.txt,[4],"[0, 1, 2]",free, ,0,[100],[0],mult\ghb_glayer_2_inst0_constant.csv,,,False
132,org\ghb_2_21.txt,ghb_2_21.txt,[4],"[0, 1, 2]",free, ,0,[100],[0],mult\ghb_glayer_2_inst0_constant.csv,,,False
133,org\ghb_2_22.txt,ghb_2_22.txt,[4],"[0, 1, 2]",free, ,0,[100],[0],mult\ghb_glayer_2_inst0_constant.csv,,,False
134,org\ghb_2_23.txt,ghb_2_23.txt,[4],"[0, 1, 2]",free, ,0,[100],[0],mult\ghb_glayer_2_inst0_constant.csv,,,False
135,org\ghb_2_24.txt,ghb_2_24.txt,[4],"[0, 1, 2]",free, ,0,[100],[0],mult\ghb_glayer_2_inst0_constant.csv,,,False
136,org\ghb_2_25.txt,ghb_2_25.txt,[4],"[0, 1, 2]",free, ,0,[100],[0],mult\ghb_glayer_2_inst0_constant.csv,,,False
137,org\ghb_2_26.txt,ghb_2_26.txt,[4],"[0, 1, 2]",free, ,0,[100],[0],mult\ghb_glayer_2_inst0_constant.csv,,,False
138,org\ghb_2_27.txt,ghb_2_27.txt,[4],"[0, 1, 2]",free, ,0,[100],[0],mult\ghb_glayer_2_inst0_constant.csv,,,False
139,org\ghb_2_28.txt,ghb_2_28.txt,[4],"[0, 1, 2]",free, ,0,[100],[0],mult\ghb_glayer_2_inst0_constant.csv,,,False
140,org\ghb_2_29.txt,ghb_2_29.txt,[4],"[0, 1, 2]",free, ,0,[100],[0],mult\ghb_glayer_2_inst0_constant.csv,,,False
141,org\ghb_2_3.txt,ghb_2_3.txt,[4],"[0, 1, 2]",free, ,0,[100],[0],mult\ghb_glayer_2_inst0_constant.csv,,,False
142,org\ghb_2_30.txt,ghb_2_30.txt,[4],"[0, 1, 2]",free, ,0,[100],[0],mult\ghb_glayer_2_inst0_constant.csv,,,False
143,org\ghb_2_31.txt,ghb_2_31.txt,[4],"[0, 1, 2]",free, ,0,[100],[0],mult\ghb_glayer_2_inst0_constant.csv,,,False
144,org\ghb_2_32.txt,ghb_2_32.txt,[4],"[0, 1, 2]",free, ,0,[100],[0],mult\ghb_glayer_2_inst0_constant.csv,,,False
145,org\ghb_2_33.txt,ghb_2_33.txt,[4],"[0, 1, 2]",free, ,0,[100],[0],mult\ghb_glayer_2_inst0_constant.csv,,,False
146,org\ghb_2_34.txt,ghb_2_34.txt,[4],"[0, 1, 2]",free, ,0,[100],[0],mult\ghb_glayer_2_inst0_constant.csv,,,False
147,org\ghb_2_35.txt,ghb_2_35.txt,[4],"[0, 1, 2]",free, ,0,[100],[0],mult\ghb_glayer_2_inst0_constant.csv,,,False
148,org\ghb_2_36.txt,ghb_2_36.txt,[4],"[0, 1, 2]",free, ,0,[100],[0],mult\ghb_glayer_2_inst0_constant.csv,,,False
149,org\ghb_2_37.txt,ghb_2_37.txt,[4],"[0, 1, 2]",free, ,0,[100],[0],mult\ghb_glayer_2_inst0_constant.csv,,,False
150,org\ghb_2_38.txt,ghb_2_38.txt,[4],"[0, 1, 2]",free, ,0,[100],[0],mult\ghb_glayer_2_inst0_constant.csv,,,False
151,org\ghb_2_39.txt,ghb_2_39.txt,[4],"[0, 1, 2]",free, ,0,[100],[0],mult\ghb_glayer_2_inst0_constant.csv,,,False
152,org\ghb_2_4.txt,ghb_2_4.txt,[4],"[0, 1, 2]",free, ,0,[100],[0],mult\ghb_glayer_2_inst0_constant.csv,,,False
153,org\ghb_2_40.txt,ghb_2_40.txt,[4],"[0, 1, 2]",free, ,0,[100],[0],mult\ghb_glayer_2_inst0_constant.csv,,,False
154,org\ghb_2_41.txt,ghb_2_41.txt,[4],"[0, 1, 2]",free, ,0,[100],[0],mult\ghb_glayer_2_inst0_constant.csv,,,False
155,org\ghb_2_42.txt,ghb_2_42.txt,[4],"[0, 1, 2]",free, ,0,[100],[0],mult\ghb_glayer_2_inst0_constant.csv,,,False
156,org\ghb_2_43.txt,ghb_2_43.txt,[4],"[0, 1, 2]",free, ,0,[100],[0],mult\ghb_glayer_2_inst0_constant.csv,,,False
157,org\ghb_2_44.txt,ghb_2_44.txt,[4],"[0, 1, 2]",free, ,0,[100],[0],mult\ghb_glayer_2_inst0_constant.csv,,,False
158,org\ghb_2_45.txt,ghb_2_45.txt,[4],"[0, 1, 2]",free, ,0,[100],[0],mult\ghb_glayer_2_inst0_constant.csv,,,False
159,org\ghb_2_46.txt,ghb_2_46.txt,[4],"[0, 1, 2]",free, ,0,[100],[0],mult\ghb_glayer_2_inst0_constant.csv,,,False
160,org\ghb_2_47.txt,ghb_2_47.txt,[4],"[0, 1, 2]",free, ,0,[100],[0],mult\ghb_glayer_2_inst0_constant.csv,,,False
161,org\ghb_2_48.txt,ghb_2_48.txt,[4],"[0, 1, 2]",free, ,0,[100],[0],mult\ghb_glayer_2_inst0_constant.csv,,,False
162,org\ghb_2_49.txt,ghb_2_49.txt,[4],"[0, 1, 2]",free, ,0,[100],[0],mult\ghb_glayer_2_inst0_constant.csv,,,False
163,org\ghb_2_5.txt,ghb_2_5.txt,[4],"[0, 1, 2]",free, ,0,[100],[0],mult\ghb_glayer_2_inst0_constant.csv,,,False
164,org\ghb_2_50.txt,ghb_2_50.txt,[4],"[0, 1, 2]",free, ,0,[100],[0],mult\ghb_glayer_2_inst0_constant.csv,,,False
165,org\ghb_2_6.txt,ghb_2_6.txt,[4],"[0, 1, 2]",free, ,0,[100],[0],mult\ghb_glayer_2_inst0_constant.csv,,,False
166,org\ghb_2_7.txt,ghb_2_7.txt,[4],"[0, 1, 2]",free, ,0,[100],[0],mult\ghb_glayer_2_inst0_constant.csv,,,False
167,org\ghb_2_8.txt,ghb_2_8.txt,[4],"[0, 1, 2]",free, ,0,[100],[0],mult\ghb_glayer_2_inst0_constant.csv,,,False
168,org\ghb_2_9.txt,ghb_2_9.txt,[4],"[0, 1, 2]",free, ,0,[100],[0],mult\ghb_glayer_2_inst0_constant.csv,,,False
169,org\ghb_3_0.txt,ghb_3_0.txt,[4],"[0, 1, 2]",free, ,0,[100],[0],mult\ghb_glayer_3_inst0_constant.csv,,,False
170,org\ghb_3_1.txt,ghb_3_1.txt,[4],"[0, 1, 2]",free, ,0,[100],[0],mult\ghb_glayer_3_inst0_constant.csv,,,False
171,org\ghb_3_10.txt,ghb_3_10.txt,[4],"[0, 1, 2]",free, ,0,[100],[0],mult\ghb_glayer_3_inst0_constant.csv,,,False
172,org\ghb_3_11.txt,ghb_3_11.txt,[4],"[0, 1, 2]",free, ,0,[100],[0],mult\ghb_glayer_3_inst0_constant.csv,,,False
173,org\ghb_3_12.txt,ghb_3_12.txt,[4],"[0, 1, 2]",free, ,0,[100],[0],mult\ghb_glayer_3_inst0_constant.csv,,,False
174,org\ghb_3_13.txt,ghb_3_13.txt,[4],"[0, 1, 2]",free, ,0,[100],[0],mult\ghb_glayer_3_inst0_constant.csv,,,False
175,org\ghb_3_14.txt,ghb_3_14.txt,[4],"[0, 1, 2]",free, ,0,[100],[0],mult\ghb_glayer_3_inst0_constant.csv,,,False
176,org\ghb_3_15.txt,ghb_3_15.txt,[4],"[0, 1, 2]",free, ,0,[100],[0],mult\ghb_glayer_3_inst0_constant.csv,,,False
177,org\ghb_3_16.txt,ghb_3_16.txt,[4],"[0, 1, 2]",free, ,0,[100],[0],mult\ghb_glayer_3_inst0_constant.csv,,,False
178,org\ghb_3_17.txt,ghb_3_17.txt,[4],"[0, 1, 2]",free, ,0,[100],[0],mult\ghb_glayer_3_inst0_constant.csv,,,False
179,org\ghb_3_18.txt,ghb_3_18.txt,[4],"[0, 1, 2]",free, ,0,[100],[0],mult\ghb_glayer_3_inst0_constant.csv,,,False
180,org\ghb_3_19.txt,ghb_3_19.txt,[4],"[0, 1, 2]",free, ,0,[100],[0],mult\ghb_glayer_3_inst0_constant.csv,,,False
181,org\ghb_3_2.txt,ghb_3_2.txt,[4],"[0, 1, 2]",free, ,0,[100],[0],mult\ghb_glayer_3_inst0_constant.csv,,,False
182,org\ghb_3_20.txt,ghb_3_20.txt,[4],"[0, 1, 2]",free, ,0,[100],[0],mult\ghb_glayer_3_inst0_constant.csv,,,False
183,org\ghb_3_21.txt,ghb_3_21.txt,[4],"[0, 1, 2]",free, ,0,[100],[0],mult\ghb_glayer_3_inst0_constant.csv,,,False
184,org\ghb_3_22.txt,ghb_3_22.txt,[4],"[0, 1, 2]",free, ,0,[100],[0],mult\ghb_glayer_3_inst0_constant.csv,,,False
185,org\ghb_3_23.txt,ghb_3_23.txt,[4],"[0, 1, 2]",free, ,0,[100],[0],mult\ghb_glayer_3_inst0_constant.csv,,,False
186,org\ghb_3_24.txt,ghb_3_24.txt,[4],"[0, 1, 2]",free, ,0,[100],[0],mult\ghb_glayer_3_inst0_constant.csv,,,False
187,org\ghb_3_25.txt,ghb_3_25.txt,[4],"[0, 1, 2]",free, ,0,[100],[0],mult\ghb_glayer_3_inst0_constant.csv,,,False
188,org\ghb_3_26.txt,ghb_3_26.txt,[4],"[0, 1, 2]",free, ,0,[100],[0],mult\ghb_glayer_3_inst0_constant.csv,,,False
189,org\ghb_3_27.txt,ghb_3_27.txt,[4],"[0, 1, 2]",free, ,0,[100],[0],mult\ghb_glayer_3_inst0_constant.csv,,,False
190,org\ghb_3_28.txt,ghb_3_28.txt,[4],"[0, 1, 2]",free, ,0,[100],[0],mult\ghb_glayer_3_inst0_constant.csv,,,False
191,org\ghb_3_29.txt,ghb_3_29.txt,[4],"[0, 1, 2]",free, ,0,[100],[0],mult\ghb_glayer_3_inst0_constant.csv,,,False
192,org\ghb_3_3.txt,ghb_3_3.txt,[4],"[0, 1, 2]",free, ,0,[100],[0],mult\ghb_glayer_3_inst0_constant.csv,,,False
193,org\ghb_3_30.txt,ghb_3_30.txt,[4],"[0, 1, 2]",free, ,0,[100],[0],mult\ghb_glayer_3_inst0_constant.csv,,,False
194,org\ghb_3_31.txt,ghb_3_31.txt,[4],"[0, 1, 2]",free, ,0,[100],[0],mult\ghb_glayer_3_inst0_constant.csv,,,False
195,org\ghb_3_32.txt,ghb_3_32.txt,[4],"[0, 1, 2]",free, ,0,[100],[0],mult\ghb_glayer_3_inst0_constant.csv,,,False
196,org\ghb_3_33.txt,ghb_3_33.txt,[4],"[0, 1, 2]",free, ,0,[100],[0],mult\ghb_glayer_3_inst0_constant.csv,,,False
197,org\ghb_3_34.txt,ghb_3_34.txt,[4],"[0, 1, 2]",free, ,0,[100],[0],mult\ghb_glayer_3_inst0_constant.csv,,,False
198,org\ghb_3_35.txt,ghb_3_35.txt,[4],"[0, 1, 2]",free, ,0,[100],[0],mult\ghb_glayer_3_inst0_constant.csv,,,False
199,org\ghb_3_36.txt,ghb_3_36.txt,[4],"[0, 1, 2]",free, ,0,[100],[0],mult\ghb_glayer_3_inst0_constant.csv,,,False
200,org\ghb_3_37.txt,ghb_3_37.txt,[4],"[0, 1, 2]",free, ,0,[100],[0],mult\ghb_glayer_3_inst0_constant.csv,,,False
201,org\ghb_3_38.txt,ghb_3_38.txt,[4],"[0, 1, 2]",free, ,0,[100],[0],mult\ghb_glayer_3_inst0_constant.csv,,,False
202,org\ghb_3_39.txt,ghb_3_39.txt,[4],"[0, 1, 2]",free, ,0,[100],[0],mult\ghb_glayer_3_inst0_constant.csv,,,False
203,org\ghb_3_4.txt,ghb_3_4.txt,[4],"[0, 1, 2]",free, ,0,[100],[0],mult\ghb_glayer_3_inst0_constant.csv,,,False
204,org\ghb_3_40.txt,ghb_3_40.txt,[4],"[0, 1, 2]",free, ,0,[100],[0],mult\ghb_glayer_3_inst0_constant.csv,,,False
205,org\ghb_3_41.txt,ghb_3_41.txt,[4],"[0, 1, 2]",free, ,0,[100],[0],mult\ghb_glayer_3_inst0_constant.csv,,,False
206,org\ghb_3_42.txt,ghb_3_42.txt,[4],"[0, 1, 2]",free, ,0,[100],[0],mult\ghb_glayer_3_inst0_constant.csv,,,False
207,org\ghb_3_43.txt,ghb_3_43.txt,[4],"[0, 1, 2]",free, ,0,[100],[0],mult\ghb_glayer_3_inst0_constant.csv,,,False
208,org\ghb_3_44.txt,ghb_3_44.txt,[4],"[0, 1, 2]",free, ,0,[100],[0],mult\ghb_glayer_3_inst0_constant.csv,,,False
209,org\ghb_3_45.txt,ghb_3_45.txt,[4],"[0, 1, 2]",free, ,0,[100],[0],mult\ghb_glayer_3_inst0_constant.csv,,,False
210,org\ghb_3_46.txt,ghb_3_46.txt,[4],"[0, 1, 2]",free, ,0,[100],[0],mult\ghb_glayer_3_inst0_constant.csv,,,False
211,org\ghb_3_47.txt,ghb_3_47.txt,[4],"[0, 1, 2]",free, ,0,[100],[0],mult\ghb_glayer_3_inst0_constant.csv,,,False
212,org\ghb_3_48.txt,ghb_3_48.txt,[4],"[0, 1, 2]",free, ,0,[100],[0],mult\ghb_glayer_3_inst0_constant.csv,,,False
213,org\ghb_3_49.txt,ghb_3_49.txt,[4],"[0, 1, 2]",free, ,0,[100],[0],mult\ghb_glayer_3_inst0_constant.csv,,,False
214,org\ghb_3_5.txt,ghb_3_5.txt,[4],"[0, 1, 2]",free, ,0,[100],[0],mult\ghb_glayer_3_inst0_constant.csv,,,False
215,org\ghb_3_50.txt,ghb_3_50.txt,[4],"[0, 1, 2]",free, ,0,[100],[0],mult\ghb_glayer_3_inst0_constant.csv,,,False
216,org\ghb_3_6.txt,ghb_3_6.txt,[4],"[0, 1, 2]",free, ,0,[100],[0],mult\ghb_glayer_3_inst0_constant.csv,,,False
217,org\ghb_3_7.txt,ghb_3_7.txt,[4],"[0, 1, 2]",free, ,0,[100],[0],mult\ghb_glayer_3_inst0_constant.csv,,,False
218,org\ghb_3_8.txt,ghb_3_8.txt,[4],"[0, 1, 2]",free, ,0,[100],[0],mult\ghb_glayer_3_inst0_constant.csv,,,False
219,org\ghb_3_9.txt,ghb_3_9.txt,[4],"[0, 1, 2]",free, ,0,[100],[0],mult\ghb_glayer_3_inst0_constant.csv,,,False
220,org\ghb_4_0.txt,ghb_4_0.txt,[4],"[0, 1, 2]",free, ,0,[100],[0],mult\ghb_glayer_4_inst0_constant.csv,,,False
221,org\ghb_4_1.txt,ghb_4_1.txt,[4],"[0, 1, 2]",free, ,0,[100],[0],mult\ghb_glayer_4_inst0_constant.csv,,,False
222,org\ghb_4_10.txt,ghb_4_10.txt,[4],"[0, 1, 2]",free, ,0,[100],[0],mult\ghb_glayer_4_inst0_constant.csv,,,False
223,org\ghb_4_11.txt,ghb_4_11.txt,[4],"[0, 1, 2]",free, ,0,[100],[0],mult\ghb_glayer_4_inst0_constant.csv,,,False
224,org\ghb_4_12.txt,ghb_4_12.txt,[4],"[0, 1, 2]",free, ,0,[100],[0],mult\ghb_glayer_4_inst0_constant.csv,,,False
225,org\ghb_4_13.txt,ghb_4_13.txt,[4],"[0, 1, 2]",free, ,0,[100],[0],mult\ghb_glayer_4_inst0_constant.csv,,,False
226,org\ghb_4_14.txt,ghb_4_14.txt,[4],"[0, 1, 2]",free, ,0,[100],[0],mult\ghb_glayer_4_inst0_constant.csv,,,False
227,org\ghb_4_15.txt,ghb_4_15.txt,[4],"[0, 1, 2]",free, ,0,[100],[0],mult\ghb_glayer_4_inst0_constant.csv,,,False
228,org\ghb_4_16.txt,ghb_4_16.txt,[4],"[0, 1, 2]",free, ,0,[100],[0],mult\ghb_glayer_4_inst0_constant.csv,,,False
229,org\ghb_4_17.txt,ghb_4_17.txt,[4],"[0, 1, 2]",free, ,0,[100],[0],mult\ghb_glayer_4_inst0_constant.csv,,,False
230,org\ghb_4_18.txt,ghb_4_18.txt,[4],"[0, 1, 2]",free, ,0,[100],[0],mult\ghb_glayer_4_inst0_constant.csv,,,False
231,org\ghb_4_19.txt,ghb_4_19.txt,[4],"[0, 1, 2]",free, ,0,[100],[0],mult\ghb_glayer_4_inst0_constant.csv,,,False
232,org\ghb_4_2.txt,ghb_4_2.txt,[4],"[0, 1, 2]",free, ,0,[100],[0],mult\ghb_glayer_4_inst0_constant.csv,,,False
233,org\ghb_4_20.txt,ghb_4_20.txt,[4],"[0, 1, 2]",free, ,0,[100],[0],mult\ghb_glayer_4_inst0_constant.csv,,,False
234,org\ghb_4_21.txt,ghb_4_21.txt,[4],"[0, 1, 2]",free, ,0,[100],[0],mult\ghb_glayer_4_inst0_constant.csv,,,False
235,org\ghb_4_22.txt,ghb_4_22.txt,[4],"[0, 1, 2]",free, ,0,[100],[0],mult\ghb_glayer_4_inst0_constant.csv,,,False
236,org\ghb_4_23.txt,ghb_4_23.txt,[4],"[0, 1, 2]",free, ,0,[100],[0],mult\ghb_glayer_4_inst0_constant.csv,,,False
237,org\ghb_4_24.txt,ghb_4_24.txt,[4],"[0, 1, 2]",free, ,0,[100],[0],mult\ghb_glayer_4_inst0_constant.csv,,,False
238,org\ghb_4_25.txt,ghb_4_25.txt,[4],"[0, 1, 2]",free, ,0,[100],[0],mult\ghb_glayer_4_inst0_constant.csv,,,False
239,org\ghb_4_26.txt,ghb_4_26.txt,[4],"[0, 1, 2]",free, ,0,[100],[0],mult\ghb_glayer_4_inst0_constant.csv,,,False
240,org\ghb_4_27.txt,ghb_4_27.txt,[4],"[0, 1, 2]",free, ,0,[100],[0],mult\ghb_glayer_4_inst0_constant.csv,,,False
241,org\ghb_4_28.txt,ghb_4_28.txt,[4],"[0, 1, 2]",free, ,0,[100],[0],mult\ghb_glayer_4_inst0_constant.csv,,,False
242,org\ghb_4_29.txt,ghb_4_29.txt,[4],"[0, 1, 2]",free, ,0,[100],[0],mult\ghb_glayer_4_inst0_constant.csv,,,False
243,org\ghb_4_3.txt,ghb_4_3.txt,[4],"[0, 1, 2]",free, ,0,[100],[0],mult\ghb_glayer_4_inst0_constant.csv,,,False
244,org\ghb_4_30.txt,ghb_4_30.txt,[4],"[0, 1, 2]",free, ,0,[100],[0],mult\ghb_glayer_4_inst0_constant.csv,,,False
245,org\ghb_4_31.txt,ghb_4_31.txt,[4],"[0, 1, 2]",free, ,0,[100],[0],mult\ghb_glayer_4_inst0_constant.csv,,,False
246,org\ghb_4_32.txt,ghb_4_32.txt,[4],"[0, 1, 2]",free, ,0,[100],[0],mult\ghb_glayer_4_inst0_constant.csv,,,False
247,org\ghb_4_33.txt,ghb_4_33.txt,[4],"[0, 1, 2]",free, ,0,[100],[0],mult\ghb_glayer_4_inst0_constant.csv,,,False
248,org\ghb_4_34.txt,ghb_4_34.txt,[4],"[0, 1, 2]",free, ,0,[100],[0],mult\ghb_glayer_4_inst0_constant.csv,,,False
249,org\ghb_4_35.txt,ghb_4_35.txt,[4],"[0, 1, 2]",free, ,0,[100],[0],mult\ghb_glayer_4_inst0_constant.csv,,,False
250,org\ghb_4_36.txt,ghb_4_36.txt,[4],"[0, 1, 2]",free, ,0,[100],[0],mult\ghb_glayer_4_inst0_constant.csv,,,False
251,org\ghb_4_37.txt,ghb_4_37.txt,[4],"[0, 1, 2]",free, ,0,[100],[0],mult\ghb_glayer_4_inst0_constant.csv,,,False
252,org\ghb_4_38.txt,ghb_4_38.txt,[4],"[0, 1, 2]",free, ,0,[100],[0],mult\ghb_glayer_4_inst0_constant.csv,,,False
253,org\ghb_4_39.txt,ghb_4_39.txt,[4],"[0, 1, 2]",free, ,0,[100],[0],mult\ghb_glayer_4_inst0_constant.csv,,,False
254,org\ghb_4_4.txt,ghb_4_4.txt,[4],"[0, 1, 2]",free, ,0,[100],[0],mult\ghb_glayer_4_inst0_constant.csv,,,False
255,org\ghb_4_40.txt,ghb_4_40.txt,[4],"[0, 1, 2]",free, ,0,[100],[0],mult\ghb_glayer_4_inst0_constant.csv,,,False
256,org\ghb_4_41.txt,ghb_4_41.txt,[4],"[0, 1, 2]",free, ,0,[100],[0],mult\ghb_glayer_4_inst0_constant.csv,,,False
257,org\ghb_4_42.txt,ghb_4_42.txt,[4],"[0, 1, 2]",free, ,0,[100],[0],mult\ghb_glayer_4_inst0_constant.csv,,,False
258,org\ghb_4_43.txt,ghb_4_43.txt,[4],"[0, 1, 2]",free, ,0,[100],[0],mult\ghb_glayer_4_inst0_constant.csv,,,False
259,org\ghb_4_44.txt,ghb_4_44.txt,[4],"[0, 1, 2]",free, ,0,[100],[0],mult\ghb_glayer_4_inst0_constant.csv,,,False
260,org\ghb_4_45.txt,ghb_4_45.txt,[4],"[0, 1, 2]",free, ,0,[100],[0],mult\ghb_glayer_4_inst0_constant.csv,,,False
261,org\ghb_4_46.txt,ghb_4_46.txt,[4],"[0, 1, 2]",free, ,0,[100],[0],mult\ghb_glayer_4_inst0_constant.csv,,,False
262,org\ghb_4_47.txt,ghb_4_47.txt,[4],"[0, 1, 2]",free, ,0,[100],[0],mult\ghb_glayer_4_inst0_constant.csv,,,False
263,org\ghb_4_48.txt,ghb_4_48.txt,[4],"[0, 1, 2]",free, ,0,[100],[0],mult\ghb_glayer_4_inst0_constant.csv,,,False
264,org\ghb_4_49.txt,ghb_4_49.txt,[4],"[0, 1, 2]",free, ,0,[100],[0],mult\ghb_glayer_4_inst0_constant.csv,,,False
265,org\ghb_4_5.txt,ghb_4_5.txt,[4],"[0, 1, 2]",free, ,0,[100],[0],mult\ghb_glayer_4_inst0_constant.csv,,,False
266,org\ghb_4_50.txt,ghb_4_50.txt,[4],"[0, 1, 2]",free, ,0,[100],[0],mult\ghb_glayer_4_inst0_constant.csv,,,False
267,org\ghb_4_6.txt,ghb_4_6.txt,[4],"[0, 1, 2]",free, ,0,[100],[0],mult\ghb_glayer_4_inst0_constant.csv,,,False
268,org\ghb_4_7.txt,ghb_4_7.txt,[4],"[0, 1, 2]",free, ,0,[100],[0],mult\ghb_glayer_4_inst0_constant.csv,,,False
269,org\ghb_4_8.txt,ghb_4_8.txt,[4],"[0, 1, 2]",free, ,0,[100],[0],mult\ghb_glayer_4_inst0_constant.csv,,,False
270,org\ghb_4_9.txt,ghb_4_9.txt,[4],"[0, 1, 2]",free, ,0,[100],[0],mult\ghb_glayer_4_inst0_constant.csv,,,False
271,org\ghb_5_0.txt,ghb_5_0.txt,[4],"[0, 1, 2]",free, ,0,[100],[0],mult\ghb_glayer_5_inst0_constant.csv,,,False
272,org\ghb_5_1.txt,ghb_5_1.txt,[4],"[0, 1, 2]",free, ,0,[100],[0],mult\ghb_glayer_5_inst0_constant.csv,,,False
273,org\ghb_5_10.txt,ghb_5_10.txt,[4],"[0, 1, 2]",free, ,0,[100],[0],mult\ghb_glayer_5_inst0_constant.csv,,,False
274,org\ghb_5_11.txt,ghb_5_11.txt,[4],"[0, 1, 2]",free, ,0,[100],[0],mult\ghb_glayer_5_inst0_constant.csv,,,False
275,org\ghb_5_12.txt,ghb_5_12.txt,[4],"[0, 1, 2]",free, ,0,[100],[0],mult\ghb_glayer_5_inst0_constant.csv,,,False
276,org\ghb_5_13.txt,ghb_5_13.txt,[4],"[0, 1, 2]",free, ,0,[100],[0],mult\ghb_glayer_5_inst0_constant.csv,,,False
277,org\ghb_5_14.txt,ghb_5_14.txt,[4],"[0, 1, 2]",free, ,0,[100],[0],mult\ghb_glayer_5_inst0_constant.csv,,,False
278,org\ghb_5_15.txt,ghb_5_15.txt,[4],"[0, 1, 2]",free, ,0,[100],[0],mult\ghb_glayer_5_inst0_constant.csv,,,False
279,org\ghb_5_16.txt,ghb_5_16.txt,[4],"[0, 1, 2]",free, ,0,[100],[0],mult\ghb_glayer_5_inst0_constant.csv,,,False
280,org\ghb_5_17.txt,ghb_5_17.txt,[4],"[0, 1, 2]",free, ,0,[100],[0],mult\ghb_glayer_5_inst0_constant.csv,,,False
281,org\ghb_5_18.txt,ghb_5_18.txt,[4],"[0, 1, 2]",free, ,0,[100],[0],mult\ghb_glayer_5_inst0_constant.csv,,,False
282,org\ghb_5_19.txt,ghb_5_19.txt,[4],"[0, 1, 2]",free, ,0,[100],[0],mult\ghb_glayer_5_inst0_constant.csv,,,False
283,org\ghb_5_2.txt,ghb_5_2.txt,[4],"[0, 1, 2]",free, ,0,[100],[0],mult\ghb_glayer_5_inst0_constant.csv,,,False
284,org\ghb_5_20.txt,ghb_5_20.txt,[4],"[0, 1, 2]",free, ,0,[100],[0],mult\ghb_glayer_5_inst0_constant.csv,,,False
285,org\ghb_5_21.txt,ghb_5_21.txt,[4],"[0, 1, 2]",free, ,0,[100],[0],mult\ghb_glayer_5_inst0_constant.csv,,,False
286,org\ghb_5_22.txt,ghb_5_22.txt,[4],"[0, 1, 2]",free, ,0,[100],[0],mult\ghb_glayer_5_inst0_constant.csv,,,False
287,org\ghb_5_23.txt,ghb_5_23.txt,[4],"[0, 1, 2]",free, ,0,[100],[0],mult\ghb_glayer_5_inst0_constant.csv,,,False
288,org\ghb_5_24.txt,ghb_5_24.txt,[4],"[0, 1, 2]",free, ,0,[100],[0],mult\ghb_glayer_5_inst0_constant.csv,,,False
289,org\ghb_5_25.txt,ghb_5_25.txt,[4],"[0, 1, 2]",free, ,0,[100],[0],mult\ghb_glayer_5_inst0_constant.csv,,,False
290,org\ghb_5_26.txt,ghb_5_26.txt,[4],"[0, 1, 2]",free, ,0,[100],[0],mult\ghb_glayer_5_inst0_constant.csv,,,False
291,org\ghb_5_27.txt,ghb_5_27.txt,[4],"[0, 1, 2]",free, ,0,[100],[0],mult\ghb_glayer_5_inst0_constant.csv,,,False
292,org\ghb_5_28.txt,ghb_5_28.txt,[4],"[0, 1, 2]",free, ,0,[100],[0],mult\ghb_glayer_5_inst0_constant.csv,,,False
293,org\ghb_5_29.txt,ghb_5_29.txt,[4],"[0, 1, 2]",free, ,0,[100],[0],mult\ghb_glayer_5_inst0_constant.csv,,,False
294,org\ghb_5_3.txt,ghb_5_3.txt,[4],"[0, 1, 2]",free, ,0,[100],[0],mult\ghb_glayer_5_inst0_constant.csv,,,False
295,org\ghb_5_30.txt,ghb_5_30.txt,[4],"[0, 1, 2]",free, ,0,[100],[0],mult\ghb_glayer_5_inst0_constant.csv,,,False
296,org\ghb_5_31.txt,ghb_5_31.txt,[4],"[0, 1, 2]",free, ,0,[100],[0],mult\ghb_glayer_5_inst0_constant.csv,,,False
297,org\ghb_5_32.txt,ghb_5_32.txt,[4],"[0, 1, 2]",free, ,0,[100],[0],mult\ghb_glayer_5_inst0_constant.csv,,,False
298,org\ghb_5_33.txt,ghb_5_33.txt,[4],"[0, 1, 2]",free, ,0,[100],[0],mult\ghb_glayer_5_inst0_constant.csv,,,False
299,org\ghb_5_34.txt,ghb_5_34.txt,[4],"[0, 1, 2]",free, ,0,[100],[0],mult\ghb_glayer_5_inst0_constant.csv,,,False
300,org\ghb_5_35.txt,ghb_5_35.txt,[4],"[0, 1, 2]",free, ,0,[100],[0],mult\ghb_glayer_5_inst0_constant.csv,,,False
301,org\ghb_5_36.txt,ghb_5_36.txt,[4],"[0, 1, 2]",free, ,0,[100],[0],mult\ghb_glayer_5_inst0_constant.csv,,,False
302,org\ghb_5_37.txt,ghb_5_37.txt,[4],"[0, 1, 2]",free, ,0,[100],[0],mult\ghb_glayer_5_inst0_constant.csv,,,False
303,org\ghb_5_38.txt,ghb_5_38.txt,[4],"[0, 1, 2]",free, ,0,[100],[0],mult\ghb_glayer_5_inst0_constant.csv,,,False
304,org\ghb_5_39.txt,ghb_5_39.txt,[4],"[0, 1, 2]",free, ,0,[100],[0],mult\ghb_glayer_5_inst0_constant.csv,,,False
305,org\ghb_5_4.txt,ghb_5_4.txt,[4],"[0, 1, 2]",free, ,0,[100],[0],mult\ghb_glayer_5_inst0_constant.csv,,,False
306,org\ghb_5_40.txt,ghb_5_40.txt,[4],"[0, 1, 2]",free, ,0,[100],[0],mult\ghb_glayer_5_inst0_constant.csv,,,False
307,org\ghb_5_41.txt,ghb_5_41.txt,[4],"[0, 1, 2]",free, ,0,[100],[0],mult\ghb_glayer_5_inst0_constant.csv,,,False
308,org\ghb_5_42.txt,ghb_5_42.txt,[4],"[0, 1, 2]",free, ,0,[100],[0],mult\ghb_glayer_5_inst0_constant.csv,,,False
309,org\ghb_5_43.txt,ghb_5_43.txt,[4],"[0, 1, 2]",free, ,0,[100],[0],mult\ghb_glayer_5_inst0_constant.csv,,,False
310,org\ghb_5_44.txt,ghb_5_44.txt,[4],"[0, 1, 2]",free, ,0,[100],[0],mult\ghb_glayer_5_inst0_constant.csv,,,False
311,org\ghb_5_45.txt,ghb_5_45.txt,[4],"[0, 1, 2]",free, ,0,[100],[0],mult\ghb_glayer_5_inst0_constant.csv,,,False
312,org\ghb_5_46.txt,ghb_5_46.txt,[4],"[0, 1, 2]",free, ,0,[100],[0],mult\ghb_glayer_5_inst0_constant.csv,,,False
313,org\ghb_5_47.txt,ghb_5_47.txt,[4],"[0, 1, 2]",free, ,0,[100],[0],mult\ghb_glayer_5_inst0_constant.csv,,,False
314,org\ghb_5_48.txt,ghb_5_48.txt,[4],"[0, 1, 2]",free, ,0,[100],[0],mult\ghb_glayer_5_inst0_constant.csv,,,False
315,org\ghb_5_49.txt,ghb_5_49.txt,[4],"[0, 1, 2]",free, ,0,[100],[0],mult\ghb_glayer_5_inst0_constant.csv,,,False
316,org\ghb_5_5.txt,ghb_5_5.txt,[4],"[0, 1, 2]",free, ,0,[100],[0],mult\ghb_glayer_5_inst0_constant.csv,,,False
317,org\ghb_5_50.txt,ghb_5_50.txt,[4],"[0, 1, 2]",free, ,0,[100],[0],mult\ghb_glayer_5_inst0_constant.csv,,,False
318,org\ghb_5_6.txt,ghb_5_6.txt,[4],"[0, 1, 2]",free, ,0,[100],[0],mult\ghb_glayer_5_inst0_constant.csv,,,False
319,org\ghb_5_7.txt,ghb_5_7.txt,[4],"[0, 1, 2]",free, ,0,[100],[0],mult\ghb_glayer_5_inst0_constant.csv,,,False
320,org\ghb_5_8.txt,ghb_5_8.txt,[4],"[0, 1, 2]",free, ,0,[100],[0],mult\ghb_glayer_5_inst0_constant.csv,,,False
321,org\ghb_5_9.txt,ghb_5_9.txt,[4],"[0, 1, 2]",free, ,0,[100],[0],mult\ghb_glayer_5_inst0_constant.csv,,,False
322,org\rch_0.txt,rch_0.txt,[3],"[0, 1, 2]",free, ,0,[1.157e-06],[0],mult\rch_rain_inst0_constant.csv,,,False
323,org\rch_1.txt,rch_1.txt,[3],"[0, 1, 2]",free, ,0,[3.48e-08],[0],mult\rch_rain_inst1_constant.csv,,,False
